user_input,retrieved_contexts,response,reference,faithfulness,answer_relevancy,context_precision,context_recall
What are the essential properties of an algorithm?,"['It must possess the following properties: \n \n1. Finiteness: An algorithm should terminate in a finite number of steps. 2. Definiteness: Each step of the algorithm must be precisely (clearly) stated. 3. Effectiveness: Each step must be effective. i.e.; it should be easily \nconvertible into program statement and can be performed exactly in a finite \namount of time.', 'Time complexities. ALGORITHMS  \nDefinition: An Algorithm is a method of representing the step -by-step procedure for \nsolving a problem. It is a method of finding the right answer to a problem or to a \ndifferent problem by breaking the problem into simple cases.', 'The steps involved in the development of an algorithm are as follows: \n \n Specifying the problem statement. Designing an algorithm.']","The essential properties of an algorithm are:

1. **Finiteness**: An algorithm should terminate in a finite number of steps.
2. **Definiteness**: Each step of the algorithm must be precisely (clearly) stated.
3. **Effectiveness**: Each step must be effective, i.e., it should be easily convertible into program statements and can be performed exactly in a finite amount of time.","An algorithm must possess finiteness, definiteness, effectiveness, generality and input/output.",1.0,0.9999999999999998,0.0,0.0
What is time complexity?,"['algorithm. The space complexity is a function of the space required by it to run to completion. The time complexity is therefore given in terms of frequency count. Frequency count is basically a count denoting number of times a statement execution \n \nAsymptotic Notations:  \n To choose the best algorithm, we need to check efficiency of each algorithm. The efficiency can be measured by computing time complexity of each \nalgorithm.', 'DS Using C++ Page 5 \n \n \n6 } 0 \n total frequency count 2mn+2m+1 \nf(n) = Og(n). => O(2mn+2m+1)// when m=n; \n= O(2n2+2n+1); By neglecting the constants,  \nwe get the time complexity as O(n2). The maximum degree of the polynomial has to be considered. Best Case, Worst Case and Average Case Analysis  \n If an algorithm takes minimum amount of time to run to completion for a specific \nset of input then it is called best case complexity. If an algorithm takes maximum amount of time to run to completion for a specific \nset of input then it is called worst case time complexity. The time complexity that we get for certain set of inputs is as a average same. Then for corresponding input such a time complexity is called average case time', 'i.e., to check whether the program is producing correct results or not for different values of \ninput. Documentation and Maintenance: Documentation is the process of collecting, organizing \nand maintaining, in written the complete information of the program for future references. Maintenance is the process of upgrading the program, according to the changing \nrequirements. PERFORMANCE ANALYSIS  \nWhen several algorithms can be designed for the solution of a problem, there arises \nthe need to determine which among them is the best. The  efficiency of a program or an \nalgorithm is measured by computing its time and/or space complexities. The time complexity of an algorithm is a function of the running time of the']","Time complexity is a function of the running time of an algorithm, which is a measure of how long an algorithm takes to complete as a function of the size of the input. It is usually expressed as a function of the input size 'n', and is often denoted as O(f(n)), where 'f(n)' is the function that describes the running time of the algorithm.

In simpler terms, time complexity is a way to measure how efficient an algorithm is by counting the number of times a statement is executed in relation to the size of the input.",The time complexity of an algorithm is a function of the running time of the algorithm.,0.6666666666666666,1.0,0.9999999999666667,1.0
What is the purpose of asymptotic notation?,"['Asymptotic notation is a shorthand way to represent the time \ncomplexity. Using asymptotic notations we can give time complexity as ―fastest possible‖, \n―slowest possible‖ or ―average time‖. Various notations such as Ω, θ, O used are called asymptotic notions.', 'Omega Notation:-  \nOmega notation denoted ‗Ω‘ is a method of representing the lower bound of \nalgorithm‘s running time. Using omega notation we can denote shortest amount of time \ntaken by algorithm to complete. Definition:  Let, f(n) and g(n) are two non -negative functions.', 'DS Using C++ Page 3 \n \nBig Oh Notation \nBig Oh notation denoted by ‗O‘ is a method of representing the upper bound of \nalgorithm‘s running time. Using big oh notation we can give longest amount of time \ntaken by the algorithm to complete. Definition:  \nLet, f(n) and g(n) are two non-negative functions. And if there exists an integer n0 and \nconstant C such that C > 0 and for all integers n > n0, f(n) ≤ c*g(n), then \nf(n) = Og(n). Various meanings associated with big-oh are  \nO(1) constant computing time \nO(n) linear \nO(n2) quadratic \nO(n3) cubic \nO(2n) exponential \nO(logn) logarithmic \n \nThe relationship among these computing time is \nO(1)< O(logn)< O(n)< O(nlogn)< O(n2)< O(2n) \n \n \nOmega Notation:-  \nOmega notation denoted ‗Ω‘ is a method of representing the lower bound of']","The purpose of asymptotic notation is to provide a shorthand way to represent the time complexity of an algorithm, giving us an idea of the algorithm's running time in terms of the input size 'n'. It allows us to compare the efficiency of different algorithms and make predictions about their performance as the input size increases.",Asymptotic notation is a shorthand way to represent the time complexity of an algorithm.,0.75,0.9999999999999996,0.8333333332916666,1.0
Define Big-O notation with an example.,"['DS Using C++ Page 3 \n \nBig Oh Notation \nBig Oh notation denoted by ‗O‘ is a method of representing the upper bound of \nalgorithm‘s running time. Using big oh notation we can give longest amount of time \ntaken by the algorithm to complete. Definition:  \nLet, f(n) and g(n) are two non-negative functions. And if there exists an integer n0 and \nconstant C such that C > 0 and for all integers n > n0, f(n) ≤ c*g(n), then \nf(n) = Og(n). Various meanings associated with big-oh are  \nO(1) constant computing time \nO(n) linear \nO(n2) quadratic \nO(n3) cubic \nO(2n) exponential \nO(logn) logarithmic \n \nThe relationship among these computing time is \nO(1)< O(logn)< O(n)< O(nlogn)< O(n2)< O(2n) \n \n \nOmega Notation:-  \nOmega notation denoted ‗Ω‘ is a method of representing the lower bound of', 'Asymptotic notation is a shorthand way to represent the time \ncomplexity. Using asymptotic notations we can give time complexity as ―fastest possible‖, \n―slowest possible‖ or ―average time‖. Various notations such as Ω, θ, O used are called asymptotic notions.', 'DS Using C++ Page 4 \n \nTheta Notation:-  \nTheta notation denoted as ‗θ‘ is a method of representing running time between \nupper bound and lower bound. Definition: \nLet, f(n) and g(n) are two non-negative functions. There exists positive constants C1 \nand C2 such that C1 g(n) ≤ f(n) ≤ C2 g(n) and f(n) = θ g(n)   \n \n \n \n \n \n \n \n \n \n \n \n \n \n \n \n \nHow to compute time complexity  \n1 Algorithm Message(n) 0 \n2 { 0 \n   \n3 for i=1 to n do n+1 \n   \n4 { 0 \n5 write(―Hello‖); n \n6 } 0 \n7 } 0 \n total frequency count 2n+1 \n \n \nWhile computing the time complexity we will neglect all the constants, hence ignoring 2 \nand 1 we will get n. Hence the time complexity becomes O(n).']","Big-O notation is a method of representing the upper bound of an algorithm's running time. It gives the longest amount of time taken by the algorithm to complete.

Definition: Let, f(n) and g(n) are two non-negative functions. And if there exists an integer n0 and constant C such that C > 0 and for all integers n > n0, f(n) ≤ c*g(n), then f(n) = Og(n).

Example: Consider an algorithm that has a time complexity of 3n + 2. To find the Big-O notation, we ignore the constant terms (3 and 2) and focus on the term with the highest degree of n, which is n. Therefore, the Big-O notation for this algorithm is O(n).

In other words, Big-O notation is a way to describe the worst-case scenario of an algorithm's running time, and it's usually used to analyze the time complexity of algorithms.",Big Oh notation is a method of representing the upper bound of an algorithm's running time. Example: O(n) linear.,0.9166666666666666,0.836623935417756,0.9999999999,1.0
"Differentiate best case, worst case, and average case complexity.","['DS Using C++ Page 5 \n \n \n6 } 0 \n total frequency count 2mn+2m+1 \nf(n) = Og(n). => O(2mn+2m+1)// when m=n; \n= O(2n2+2n+1); By neglecting the constants,  \nwe get the time complexity as O(n2). The maximum degree of the polynomial has to be considered. Best Case, Worst Case and Average Case Analysis  \n If an algorithm takes minimum amount of time to run to completion for a specific \nset of input then it is called best case complexity. If an algorithm takes maximum amount of time to run to completion for a specific \nset of input then it is called worst case time complexity. The time complexity that we get for certain set of inputs is as a average same. Then for corresponding input such a time complexity is called average case time', 'c) Repeat steps a and b until there is no element left. Algorithm Worst case Average case Best case \n    \nBubble sort O(n2) O(n2) O(n2) \nselection sort O(n2) O(n2) O(n2) \nInsertion sort O(n2) O(n2) O(n2) \nQuick sort O(n log n) O(n log n) O(n2) \nMerge sort O(n log n) O(n log n) O(n log n) \nHeap sort O(n log n) O(n log n) O(n log n) \nLinear search O(n) O(n) O(1) \nBinary search O(log n) O(log n) O(1)', 'Asymptotic notation is a shorthand way to represent the time \ncomplexity. Using asymptotic notations we can give time complexity as ―fastest possible‖, \n―slowest possible‖ or ―average time‖. Various notations such as Ω, θ, O used are called asymptotic notions.']","Based on the context provided, here's the differentiation between best case, worst case, and average case complexity:

1. **Best Case Complexity**: This is the minimum amount of time an algorithm takes to run to completion for a specific set of input. It represents the fastest possible time complexity.

2. **Worst Case Complexity**: This is the maximum amount of time an algorithm takes to run to completion for a specific set of input. It represents the slowest possible time complexity.

3. **Average Case Complexity**: This is the time complexity that an algorithm takes for certain set of inputs. It represents the average time complexity.

To illustrate this, let's consider an example of a search algorithm:

- **Best Case**: The target element is at the first position in the array. The algorithm takes the minimum amount of time to find it, which is O(1) in this case.
- **Worst Case**: The target element is not present in the array. The algorithm has to search through the entire array, taking O(n) time in this case.
- **Average Case**: The target element is present in the array, but not at the first position. The algorithm takes an average time to find it, which is O(log n) in this case for a binary search algorithm.

In summary, best case complexity is the minimum time complexity, worst case complexity is the maximum time complexity, and average case complexity is the average time complexity.","Best case complexity is the minimum time to run, worst case complexity is the maximum time to run, and average case complexity is the average time for given inputs.",0.9333333333333333,0.8999699212737456,0.9999999999,1.0
What are the two main components of space complexity?,"['complexity. Space Complexity:The space complexity can be defined as amount of memory required \nby an algorithm to run. Let p be an algorithm,To compute the space complexity we use two factors: constant and \ninstance characteristics. The space requirement S(p) can be given as \nS(p) = C + Sp \nwhere C is a constant i.e.. fixed part and it denotes the space of inputs and outputs.', 'algorithm. The space complexity is a function of the space required by it to run to completion. The time complexity is therefore given in terms of frequency count. Frequency count is basically a count denoting number of times a statement execution \n \nAsymptotic Notations:  \n To choose the best algorithm, we need to check efficiency of each algorithm. The efficiency can be measured by computing time complexity of each \nalgorithm.', 'This is a variable part whose \nspace \nrequirement depend on particular problem instance. Eg:1 \nAlgorithm add(a,b,c) \n{return a+b+c; \n} \nIf we assume a, b, c occupy one word size then total size comes to be 3 \nS(p) = C \nEg:2 \nAlgorithm add(x,n) \n{ \nsum=0.0; \nfor i= 1 to n do \nsum:=sum+x[i]; \nreturn sum; \n} \nS(p) ≥ (n+3) \nThe n space required for x[], one space for n, one for i, and one for sum \nSearching: Searching is the technique of finding desired data items that has been stored \n \nwithin some data structure. Data structures can include linked lists, arrays, search trees, hash \ntables, or various other storage methods. The appropriate search algorithm often depends on \nthe data structure being searched. Search algorithms can be classified based on their mechanism of searching. They are']","The two main components of space complexity are:

1. Constant (C): This is the fixed part of the space requirement, which denotes the space occupied by inputs and outputs.
2. Instance Characteristics (Sp): This is the variable part of the space requirement, which depends on the particular problem instance.",Space complexity consists of a constant part and a variable part depending on instance characteristics.,1.0,0.9712112092006766,0.9999999999,1.0
What is a Binary Search Tree (BST)?,"['DS Using C++ Page 37 \n \n \nA binary tree is a finite set of nodes which is either empty or consists of a root and \ntwo disjoint trees called left sub-tree and right sub-tree. In binary tree each node will have one data field and two pointer fields for representing the \nsub branches. The degree of each node in the binary tree will be at the most two.', 'Insertion of a node in binary search tree. 2. Deletion of a node from binary search tree. 3.', 'DS Using C++ Page 76 \n \nUNIT -5  \n \nSearch Trees:-Binary Search Trees, Definition, ADT, Implementation, Operations- Searching, Insertion \nand Deletion, AVL Trees, Definition, Height of an AVL Tree, Operations – Insertion, Deletion and \nSearching, B-Trees, B-Tree of order m, height of a B-Tree, insertion, deletion and searching. Graphs: \nBasic terminology representation of graphs, graph search methods DFS,BFS. TREES \n \nA Tree is a data structure in which each element is attached to one or more elements directly beneath it. Level 0   \nA \n \n \n \n \n \n \nB C D 1 \n \n  \n \n \nE F G  \nH I J  \n2  \nK L 3 \n \nTerminology \n \n The connections between elements are called branches. A tree has a single root, called root node, which is shown at the top of the tree.']","A Binary Search Tree (BST) is a type of binary tree in which each node has a comparable value. All the values in the left sub-tree of a node are less than the node's value, and all the values in the right sub-tree of a node are greater than the node's value. This property makes it efficient for searching, inserting, and deleting nodes in the tree.",A Binary Search Tree is a binary tree in which elements in the left subtree are less than the root and elements in the right subtree are greater than the root.,0.14285714285714285,0.8522176840833195,0.0,0.0
How does binary search find a target value?,"['Linear searching \n Binary searching', 'item by comparing the middle most item of the collection. If a match occurs , then the index \nof item is returned. If the middle item is greater than the item, then the item is searched in \nthe sub-array to the left of the middle item. Otherwise, the item is searched for in the sub -\narray to the right of the middle item. This process  continues on the sub -array as well until \nthe size of the subarray reduces to zero. Before applying binary searching, the list of items should be sorted in ascending or \ndescending order. Best case time complexity is O(1) \nWorst case time complexity is O(log n)', 'i.e. sorted or unsorted. We begin search by comparing the first element of the list with the target element. If \nit matches, the search ends and position of the element is returned. Otherwise, we will  move \nto next element and compare. In this way, the target element is compared with all the \nelements until a match occurs. If the match do not occur and there are no more elements to \nbe compared, we conclude that target element is absent in the list by ret urning position as -\n1. For example consider the following list of elements. 55 95 75 85 11 25 65 45 \nSuppose we want to search for element 11(i.e. Target element = 11). We first \ncompare the target element with first element in list i.e. 55. Since both are  not matching we \nmove on the next elements in the list and compare.']","Binary search finds a target value by comparing the middle most item of the collection. If a match occurs, then the index of item is returned. If the middle item is greater than the item, then the item is searched in the sub-array to the left of the middle item. Otherwise, the item is searched for in the sub-array to the right of the middle item. This process continues on the sub-array as well until the size of the sub-array reduces to zero.",Binary search works by comparing the middle element and dividing the list into sub-arrays until the element is found.,1.0,0.8680323470650041,0.49999999995,1.0
Why must data be sorted for binary search?,"['DS Using C++ Page 7 \n \nAlgorithm:  \nBinary_Search (A [ ], U_bound, VAL) \nStep 1 : set BEG = 0 , END = U_bound , POS = -1 \nStep 2 : Repeat while (BEG <= END ) \nStep 3 : set MID = ( BEG + END ) / 2 \nStep 4 : if A [ MID ] == VAL then \nPOS = MID \nprint VAL ― is available at ―, POS \nGoTo Step 6 \nEnd if \nif A [ MID ] > VAL then \nset END = MID – 1 \nElse \nset BEG = MID + 1 \nEnd if \nEnd while \nStep 5 :  if POS = -1 then \nprint VAL ― is not present ― \nEnd if \nStep 6 : EXIT   \n \n \n \n \n \n \n \n \n \n \n \n \n \n \n \n \n \n \n \n \nSORTING \n \nArranging the elements in a list either in ascending or descending order. various sorting \nalgorithms are \n Bubble sort \n selection sort  \n Insertion sort \n Quick sort \n Merge sort \n Heap sort', 'Linear searching \n Binary searching', 'item by comparing the middle most item of the collection. If a match occurs , then the index \nof item is returned. If the middle item is greater than the item, then the item is searched in \nthe sub-array to the left of the middle item. Otherwise, the item is searched for in the sub -\narray to the right of the middle item. This process  continues on the sub -array as well until \nthe size of the subarray reduces to zero. Before applying binary searching, the list of items should be sorted in ascending or \ndescending order. Best case time complexity is O(1) \nWorst case time complexity is O(log n)']","According to the context, data must be sorted for binary search because the algorithm works by repeatedly dividing the search interval in half. If the middle item is greater than the item, then the item is searched in the sub-array to the left of the middle item. Otherwise, the item is searched for in the sub-array to the right of the middle item. This process continues on the sub-array as well until the size of the subarray reduces to zero. If the data is not sorted, this process would not work correctly, and the algorithm would not be able to find the item efficiently.","Before applying binary search, the list of items should be sorted in ascending or descending order.",1.0,0.9999999999999996,0.8333333332916666,1.0
Compare linear search and binary search in terms of efficiency.,"['Linear searching \n Binary searching', 'DS Using C++ Page 6 \n \nLinear or Sequential searching: Linear Search is the most natural searching method and It \nis very simple but very poor in performance at times .In this method, the searching begins \nwith searching every element of the list till the required record is found. The elements in the \nlist may be in any order.', 'Finally we will find the match after 5 \ncomparisons at position 4 starting from position 0. Linear search can be implemented in two ways.i)Non recursive ii)recursive \n \nAlgorithm for Linear search \n \nLinear_Search (A[ ], N, val , pos )  \nStep 1 : Set pos = -1 and k = 0 \nStep 2 : Repeat while k < N \nBegin \nStep 3 :  if A[ k ] = val \nSet pos = k \nprint pos \nGoto step 5 \nEnd while \nStep 4 : print ―Value is not present‖ \nStep 5 : Exit  \n \n \nBINARY SEARCHING \n \nBinary search is a fast search algorithm with run -time complexity of Ο(log n). This search \nalgorithm works on the principle of divide and conquer. Binary search looks for a particular \nitem by comparing the middle most item of the collection. If a match occurs , then the index']","Linear search and binary search are two fundamental searching algorithms used to find an element in a list or array. Here's a comparison of their efficiency:

**Linear Search:**

- **Time Complexity:** O(n), where n is the number of elements in the list.
- **Efficiency:** Linear search has a linear time complexity, which means its performance degrades as the size of the list increases.
- **Number of Comparisons:** In the worst-case scenario, linear search requires n comparisons to find an element in a list of n elements.

**Binary Search:**

- **Time Complexity:** O(log n), where n is the number of elements in the list.
- **Efficiency:** Binary search has a logarithmic time complexity, which means its performance remains relatively constant even as the size of the list increases.
- **Number of Comparisons:** In the worst-case scenario, binary search requires log2(n) comparisons to find an element in a list of n elements.

**Comparison:**

- **Scalability:** Binary search is more efficient than linear search, especially for large lists, because its time complexity is logarithmic, whereas linear search's time complexity is linear.
- **Performance:** Binary search is generally faster than linear search, especially for large lists, because it reduces the search space by half with each comparison.
- **Space Complexity:** Both linear search and binary search have a space complexity of O(1), meaning they require constant extra space.

In summary, binary search is more efficient than linear search due to its logarithmic time complexity and reduced number of comparisons, making it a better choice for searching large lists.",Linear search has time complexity O(n) while binary search has time complexity O(log n).,0.6190476190476191,0.790811923836512,0.3333333333,0.0
What is the main advantage of a doubly linked list?,"['DS Using C++ Page 21 \n \nDOUBLY LINKED LIST  \nA singly linked list has the disadvantage that we can only traverse it in one direction. Many applications require searching backwards and forwards through sections of a list. A \nuseful refinement that can be made to the singly linked list is to create a doubly linked list . The distinction made between the two list types is that while singly linked list have pointers \ngoing in one direction, doubly linked list have pointer both to the next and to the previous \nelement in the list. The main advantage of a doubly linked list is  that, they permit traversing \nor searching of the list in both directions. In this linked list each node contains three fields.', '2. Additional memory required for pointers. Linked list are of 3 types: \n \n1. Singly Linked List \n2. Doubly Linked List \n3. Circularly Linked List \n \nSINGLY LINKED LIST \n \nA singly linked list, or simply a linked list, is a linear collection of data items. The \nlinear order is given by means of POINTERS. These types of lists are often referred to \nas linear linked list. * Each item in the list is called a node. * Each node of the list has two fields: \n1. Information- contains the item being stored in the list.', 'Linked representation of trees in memory is implemented using pointers. Since each node in a \nbinary tree can have maximum two children, a node in a linked representation has two pointers for both \nleft and right child, and one information field. If a node d oes not have any child, the corresponding \npointer field is made NULL pointer. In linked list each node will look like this: \n \nLeft Child Data Right Child \nAdvantages of linked representation:  \n1. This representation is superior to our array representation as there is no wastage of \nmemory.']",The main advantage of a doubly linked list is that it permits traversing or searching of the list in both directions.,The main advantage of a doubly linked list is that it permits traversing or searching of the list in both directions.,1.0,0.9999999999999996,0.9999999999,1.0
How does selection sort organize elements?,"['SELECTION SORT \n \nselection sort:- Selection sort ( Select the smallest and Exchange ):  \nThe first item is compared with the remaining n -1 items, and whichever of all is \nlowest, is put in the first position.Then the second item from the list is taken and compared \nwith the remaining (n -2) items, if an item with a value less than that of the second item is \nfound on the (n-2) items, it is swapped (Interchanged) with the second item of the list and so \non.', 'Sorting: Bubble sort, selection sort, Insertion sort, Quick sort, Merge sort, Heap sort.', 'Each element has a priority or value.']","Selection sort organizes elements by selecting the smallest (or largest, depending on the sorting order) element from the unsorted portion of the list and swapping it with the first unsorted element. This process is repeated for each element in the list, effectively sorting the list in ascending (or descending) order.",Selection sort selects the smallest element from the list and places it in the correct position.,0.6666666666666666,0.8549034468206534,0.9999999999,1.0
How does insertion sort build a sorted list?,"['DS Using C++ Page 9 \n \nINSERTION SORT \n  \nInsertion sort: It iterates, consuming one input element each repetition, and growing a \nsorted output list. Each iteration, insertion sort removes one element from the input data, \nfinds the location it belongs within the sorted list, and inserts it  there.', 'Sorting: Bubble sort, selection sort, Insertion sort, Quick sort, Merge sort, Heap sort.', 'DS Using C++ Page 7 \n \nAlgorithm:  \nBinary_Search (A [ ], U_bound, VAL) \nStep 1 : set BEG = 0 , END = U_bound , POS = -1 \nStep 2 : Repeat while (BEG <= END ) \nStep 3 : set MID = ( BEG + END ) / 2 \nStep 4 : if A [ MID ] == VAL then \nPOS = MID \nprint VAL ― is available at ―, POS \nGoTo Step 6 \nEnd if \nif A [ MID ] > VAL then \nset END = MID – 1 \nElse \nset BEG = MID + 1 \nEnd if \nEnd while \nStep 5 :  if POS = -1 then \nprint VAL ― is not present ― \nEnd if \nStep 6 : EXIT   \n \n \n \n \n \n \n \n \n \n \n \n \n \n \n \n \n \n \n \n \nSORTING \n \nArranging the elements in a list either in ascending or descending order. various sorting \nalgorithms are \n Bubble sort \n selection sort  \n Insertion sort \n Quick sort \n Merge sort \n Heap sort']","Insertion sort builds a sorted list by iterating through the input data one element at a time. Here's a step-by-step explanation:

1. It starts with the first element of the input data as the sorted list.
2. Then, it takes the next element from the input data and inserts it into the correct position within the sorted list.
3. To find the correct position, it compares the new element with the elements already in the sorted list.
4. If the new element is smaller than the current element in the sorted list, it shifts the current element to the right.
5. This process continues until the new element is inserted into the correct position within the sorted list.
6. The sorted list is then updated to include the new element.
7. Steps 2-6 are repeated until all elements from the input data have been inserted into the sorted list.

This process is repeated for each element in the input data, resulting in a sorted list.",Insertion sort removes one element and inserts it into its correct position in the sorted list.,0.5555555555555556,0.8817689252104302,0.9999999999,1.0
What algorithm design technique does merge sort use?,"['hybrid sort-merge strategy. In the sorting phase, chunks of data small enough to fit in main memory are read, sorted, \nand written out to a temporary file. In the merge phase, the sorted sub-files are combined into a single larger file. One example of external sorting is the external merge sort algorithm, which sorts chunks that each fit in \nRAM, then merges the sorted chunks together. We first divide the file into runs such that the size of a run is small \nenough to fit into main memory.', 'DS Using C++ Page 10 \n \nMERGE SORT \n \n \nMerge sort is a sorting techniq ue based on divide and conquer technique. In merge sort the \nunsorted list is divided into N sublists, each having one element, because a list of one \nelement is considered sorted. Then, it repeatedly merge these sublists, to produce new sorted \nsublists, and  at lasts one sorted list is produced. Merge Sort is quite fast, and has a time \ncomplexity of O(n log n). Conceptually, merge sort works as follows: \n1. Divide the unsorted list into two sub lists of about half the size. 2. Divide each of the two sub lists recursively until we have list sizes of length 1, in which \ncase the list itself is returned. 3.', 'DS Using C++ Page 56 \n \n \n \n \n \n Block of data \nIntermediate  \nfies Secondary \n storage \n Main Memory \n \n \n \n \nMULTIWAY MERGE:  \nK-Way Merge Algorithms or Multiway Merges are a specific type of Sequence Merge Algorithms that \nspecialize in taking in multiple sorted lists and merging them into a single sorted list. Example 1:  \nExternal Sorting: Example of multiway external sorting \n \nTa1: 17, 3, 29, 56, 24, 18, 4, 9, 10, 6, 45, 36, 11, 43  \nAssume that we have three tapes (k = 3) and the memory can hold three records. Main memory sort  \nThe first three records are read into memory, sorted and written on Tb1, the \nsecond three records are read into memory, sorted and stored on Tb2, finally \nthe third three records are read into memory, sorted and stored on Tb3. Now']",Merge sort uses the divide and conquer technique.,Merge sort uses divide and conquer technique.,1.0,0.9360658407639161,0.5833333333041666,1.0
What is the role of the pivot in quick sort?,"['It repeats until no \ninput elements remain. Page 15 \nALGORITHM: \nStep 1: start \nStep 2: for i ← 1 to length(A) \nStep 3: j ← i \nStep 4: while j > 0 and A[j-1] > A[j] \nStep 5: swap A[j] and A[j-1] \nStep 6: j ← j - 1 \nStep 7: end while \nStep 8: end for \nStep9: stop \n   \n \nQUICK SORT \n \n \nQuick sort: It is a divide and conquer algorithm. Developed by Tony Hoare in 1959. Quick \nsort \n \nfirst divides a large array into two smaller sub-arrays: the low elements and the high \nelements. Quick sort can then recursively sort the sub-arrays. ALGORITHM: \n \nStep 1: Pick an element, called a pivot, from the array.', 'Step 2: Partitioning: reorder the array so that all elements with values less than the pivot \ncome before the pivot, while all elements with values greater than the pivot come \nafter it (equal values can go either way). After this partitioning, the pivot is in its \nfinal position. This is called the partition operation. Step 3: Recursively apply the above steps to the sub-array of elements with smaller \nvalues and separately to the sub-array of elements with greater values.', 'Sorting: Bubble sort, selection sort, Insertion sort, Quick sort, Merge sort, Heap sort.']","The pivot is a crucial element in the quick sort algorithm. Its role is to divide the array into two sub-arrays: elements less than the pivot and elements greater than the pivot. 

In other words, the pivot acts as a reference point to partition the array into two parts, allowing the quick sort algorithm to recursively sort the sub-arrays.",The pivot is used to partition the array into elements less than and greater than it.,1.0,0.9699712523059122,0.99999999995,1.0
What is the purpose of a data structure?,"['DS Using C++ Page 12 \n \nUNIT -2  \n \nBasic data structures - The list ADT, Stack ADT, Queue AD T,array and linked list Implementation \nusing template classes in C++. Trees-Basic terminology Binary Tree ADT, array and linked list \nImplementation, Binary tree traversals, threaded binary tree. Data structure A data structure is a specialized format for o rganizing and storing data. General data structure types include the array, the file, the record, the table, the tree, and so \non. Any data structure is designed to organize data to suit a specific purpose so that it can be \naccessed and worked with in appropriate ways \n \n \nAbstract Data Type \n \nIn computer science, an abstract data type (ADT) is a mathematical model for data', 'in a sequence. Non linear data structures are the data structures in which data may be \narranged in a hierarchic al manner \n \nLIST ADT \nList is basically the collection of elements arrange d in a sequential manner. In \nmemory we can store the list in two ways: one way is we can store the elements in \nsequential memory locations.', 'MALLA REDDY COLLEGE OF ENGINEERING & TECHNOLOGY \n \nDEPARTMENT OF INFORMATION TECHNOLOGY \n \n \n \n \n \n \nMALLA REDDY COLLEGE OF ENGINEERING & TECHNOLOGY \n \nII Year B. Tech CSE ‐ I Sem \n \n \nL  \nT/P/D \n \n \nC  \n4  ‐/ ‐ / ‐ \n \n4  \n(R17A0504) DATA STRUCTURES USING C++  \nObjectives:  \n• To understand the basic concepts such as Abstract Data Types, Linear and \nNon‐Linear Data structures. • To understand the notations used to analyze the Performance of algorithms. • To understand the behavior of data structures such as stacks, queues, trees, hash \ntables, search trees, Graphs and their representations. • To choose the appropriate data structures for a specified application  \n• To write programs in C++ to solve problems using data structures such as']","A data structure is a specialized format for organizing and storing data. Its primary purpose is to organize data in a way that allows it to be accessed and worked with in an efficient and effective manner, to suit a specific purpose.",A data structure is a specialized format for organizing and storing data so that it can be accessed and worked with efficiently.,0.5,0.9999999999999996,0.9999999999,1.0
What is an Abstract Data Type (ADT)?,"['In computer science, an abstract data type (ADT) is a mathematical model for data \ntypes where a data type is defined by its behavior (semantics) from the point of view of a \nuser of the data, specifically in terms of possible values, possible operations on data of this \ntype, and the behavior of these operations. When a class is used as a type, it is an abstract \ntype that refers to a hidden representation. In this model an ADT is typically implemented \nas a class, and each instance of the ADT is usually a n object of that class. In ADT all the \nimplementation details are hidden \n \n \n \n \n \n \n \n \n \n \n \n \n \n \n \n \n \n Linear data structures are the data structures in which data is arranged in a list or \nin a sequence. Non linear data structures are the data structures in which data may be', 'DS Using C++ Page 12 \n \nUNIT -2  \n \nBasic data structures - The list ADT, Stack ADT, Queue AD T,array and linked list Implementation \nusing template classes in C++. Trees-Basic terminology Binary Tree ADT, array and linked list \nImplementation, Binary tree traversals, threaded binary tree. Data structure A data structure is a specialized format for o rganizing and storing data. General data structure types include the array, the file, the record, the table, the tree, and so \non. Any data structure is designed to organize data to suit a specific purpose so that it can be \naccessed and worked with in appropriate ways \n \n \nAbstract Data Type \n \nIn computer science, an abstract data type (ADT) is a mathematical model for data', 'in a sequence. Non linear data structures are the data structures in which data may be \narranged in a hierarchic al manner \n \nLIST ADT \nList is basically the collection of elements arrange d in a sequential manner. In \nmemory we can store the list in two ways: one way is we can store the elements in \nsequential memory locations.']","An Abstract Data Type (ADT) is a mathematical model for data types where a data type is defined by its behavior (semantics) from the point of view of a user of the data, specifically in terms of possible values, possible operations on data of this type, and the behavior of these operations.","An abstract data type is a data type defined by its behavior from the point of view of a user, without specifying implementation details.",1.0,0.9999999999999993,0.99999999995,1.0
What is the primary advantage of a linked list over an array?,"['That means we can store the list in arrays. The other way is we can use pointers or links to associate elements sequentially. This is known as linked list.', '2. Additional memory required for pointers. Linked list are of 3 types: \n \n1. Singly Linked List \n2. Doubly Linked List \n3. Circularly Linked List \n \nSINGLY LINKED LIST \n \nA singly linked list, or simply a linked list, is a linear collection of data items. The \nlinear order is given by means of POINTERS. These types of lists are often referred to \nas linear linked list. * Each item in the list is called a node. * Each node of the list has two fields: \n1. Information- contains the item being stored in the list.', 'Linked representation of trees in memory is implemented using pointers. Since each node in a \nbinary tree can have maximum two children, a node in a linked representation has two pointers for both \nleft and right child, and one information field. If a node d oes not have any child, the corresponding \npointer field is made NULL pointer. In linked list each node will look like this: \n \nLeft Child Data Right Child \nAdvantages of linked representation:  \n1. This representation is superior to our array representation as there is no wastage of \nmemory.']","The primary advantage of a linked list over an array is that there is no wastage of memory. This is because in an array, each element must be stored in contiguous memory locations, which can lead to memory wastage if the array is not fully utilized. In contrast, a linked list stores each element as a separate node, which can be allocated memory dynamically, resulting in more efficient use of memory.",A linked list is a flexible dynamic data structure in which elements can be added or deleted easily.,0.3333333333333333,0.9999999999999996,0.0,0.0
What causes a stack overflow?,"['with stacks are overflow, which occurs when we try to push more information on a stack \nthat it can hold, and underflow, which occurs when we try to pop an item off a stack which \nis empty. Pushing items onto the stack:   \nAssume that the array elements begin at 0 ( because the array subscript starts from 0)  \nand the maximum elements that can be placed in stack is max. The stack pointer, top, is \nconsidered to be pointing to the top element of the stack. A push operation thus involves \nadjusting the stack pointer to point to next free slot and then copying data into that slot of \nthe stack. Initially the top is initialized to -1.', 'A Stack is defined as a data structure which operates \non a last-in first-out basis. So it is also is referred as Last-in First-out( LIFO). Stack uses a single index or pointer to keep track of the information in the stack. The basic operations associated with the stack are: \na) push(insert) an item onto the stack. b) pop(remove) an item from the stack. The general terminology associated with the stack is as follows:  \nA stack pointer keeps track of the current position on the stack. When an element is \nplaced on the stack, it is said to be pushed on the stack. When an object is removed from \nthe stack, it is said to be popped off the stack. Two additional term s almost always used \nwith stacks are overflow, which occurs when we try to push more information on a stack', 'DS Using C++ Page 29 \n \n//code to push an element on to stack;  \ntemplate<class T> \nvoid stack<T>::push() \n{ \nif(top==max-1) \ncout<<""Stack Overflow...\\n""; \nelse \n{ \ncout<<""Enter an element to be pushed:""; \ntop++; \ncin>>data; \nstk[top]=data; \ncout<<""Pushed Sucesfully....\\n""; \n} \n}  \n \n \n \n \n \nPage 34 \n \nPopping an element from stack:  \nTo remove an item, first extract the data from top position in the stack and then \ndecrement the stack pointer, top. Applications of Stack:  \n1.']",A stack overflow occurs when we try to push more information onto a stack than it can hold.,Stack overflow occurs when we try to push more elements onto the stack than it can hold.,1.0,0.7704157603524383,0.9999999999666667,1.0
How does a queue differ from a stack?,"['No disk may be placed on top of a smaller disk. QUEUE ADT  \nA queue is an ordered collection of data such that the data is inserted at one end and \ndeleted from another end. The key difference when compared stacks is that in a queue the \ninformation stored is processed first-in first-out or FIFO. In other words the information \nreceive from a queue comes in the same order that it was placed on the queue.', 'Representing a Queue:  \nOne of the most common way to implement a queue is using array. An easy way to do so is \nto \ndefine an array Queue, and two additional variables front and rear. The rules for \nmanipulating these \nvariables are \nsimple: \n Each time information is added to the queue, increment rear. Each time information is taken from the queue, increment front. Whenever front >rear or front=rear=-1 the queue is empty. Array implementation of a Queue do have drawbacks. The maximum queue size has to \nbe set at compile time, rather than at run time. Space can be wasted, if we do not use the \nfull capacity of the array.', 'DS Using C++ Page 33 \n \nApplication of Queue:  \nQueue, as the name suggests is used whenever we need to have any group of objects in \nan order in which the first one coming in, also gets out first while the others wait for \nthere turn, like in the following scenarios : \n1. Serving requests on a single shared resource, like a printer, CPU task scheduling etc.']","A queue differs from a stack in the order in which elements are added and removed. 

In a stack, elements are added and removed from the top, following the Last-In-First-Out (LIFO) principle. 

In a queue, elements are added from one end (rear) and removed from the other end (front), following the First-In-First-Out (FIFO) principle.",A queue follows first in first out order whereas a stack follows last in first out order.,0.6666666666666666,0.9625296190244754,0.9999999999,1.0
